{
  "1": {
    "params": {
      "objective": "binary",
      "boosting_type": "gbdt",
      "metric": [
        "auc",
        "binary_logloss"
      ],
      "learning_rate": 0.1075,
      "num_leaves": 101,
      "max_depth": 10,
      "min_child_samples": 60,
      "feature_fraction": 0.85,
      "bagging_fraction": 0.85,
      "bagging_freq": 1,
      "lambda_l1": 0.1,
      "lambda_l2": 0.1,
      "min_gain_to_split": 0.0,
      "n_estimators": 4000,
      "n_jobs": -1,
      "verbose": -1,
      "random_state": 42,
      "class_weight": "balanced"
    },
    "best_thr": 0.49,
    "best_auc": 0.9176,
    "best_acc": 0.85,
    "best_prec": 0.0,
    "best_rec": 0.0,
    "best_f1": 0.8966,
    "best_bacc": 0.0,
    "score": 0.888
  },
  "2": {
    "params": {
      "objective": "binary",
      "boosting_type": "gbdt",
      "metric": [
        "auc",
        "binary_logloss"
      ],
      "learning_rate": 0.14200976296032244,
      "num_leaves": 50,
      "max_depth": 3,
      "min_child_samples": 104,
      "feature_fraction": 0.5442430305734951,
      "bagging_fraction": 0.5254121830916471,
      "bagging_freq": 1,
      "lambda_l1": 0.9680572088391821,
      "lambda_l2": 0.20568128579627198,
      "min_gain_to_split": 0.0,
      "n_estimators": 4000,
      "n_jobs": -1,
      "verbose": -1,
      "random_state": 42,
      "class_weight": "balanced"
    },
    "best_thr": 0.48,
    "best_auc": 0.8690476190476191,
    "best_acc": 0.9,
    "best_prec": 0.9285714285714286,
    "best_rec": 0.9285714285714286,
    "best_f1": 0.9285714285714286,
    "best_bacc": 0.8809523809523809,
    "score": 0.8992063492063492
  },
  "3": {
    "params": {
      "objective": "binary",
      "boosting_type": "gbdt",
      "metric": [
        "auc",
        "binary_logloss"
      ],
      "learning_rate": 0.04633459187004999,
      "num_leaves": 125,
      "max_depth": 10,
      "min_child_samples": 15,
      "feature_fraction": 0.6377366181707602,
      "bagging_fraction": 0.5425004538783101,
      "bagging_freq": 1,
      "lambda_l1": 0.3687696600617726,
      "lambda_l2": 0.33313534221323843,
      "min_gain_to_split": 0.0,
      "n_estimators": 4000,
      "n_jobs": -1,
      "verbose": -1,
      "random_state": 42,
      "class_weight": "balanced"
    },
    "best_thr": 0.51,
    "best_auc": 0.8229166666666666,
    "best_acc": 0.9,
    "best_prec": 0.9166666666666666,
    "best_rec": 0.9166666666666666,
    "best_f1": 0.9166666666666666,
    "best_bacc": 0.8958333333333333,
    "score": 0.8798611111111111
  },
  "4": {
    "params": {
      "objective": "binary",
      "boosting_type": "gbdt",
      "metric": [
        "auc",
        "binary_logloss"
      ],
      "learning_rate": 0.0194,
      "num_leaves": 53,
      "max_depth": 8,
      "min_child_samples": 59,
      "feature_fraction": 0.644119108508378,
      "bagging_fraction": 0.741265117356928,
      "bagging_freq": 7,
      "lambda_l1": 2.360640894531639,
      "lambda_l2": 6.783812754041804e-05,
      "min_gain_to_split": 0.0,
      "n_estimators": 4000,
      "n_jobs": -1,
      "verbose": -1,
      "random_state": 42,
      "class_weight": "balanced"
    },
    "best_thr": 0.47,
    "best_auc": 0.8452380952380953,
    "best_acc": 0.85,
    "best_prec": 0.8666666666666667,
    "best_rec": 0.9285714285714286,
    "best_f1": 0.896551724137931,
    "best_bacc": 0.7976190476190477,
    "score": 0.8639299397920088
  },
  "5": {
    "params": {
      "objective": "binary",
      "boosting_type": "gbdt",
      "metric": [
        "auc",
        "binary_logloss"
      ],
      "learning_rate": 0.07460236932425938,
      "num_leaves": 84,
      "max_depth": 9,
      "min_child_samples": 115,
      "feature_fraction": 0.815222683209991,
      "bagging_fraction": 0.5042553247853964,
      "bagging_freq": 1,
      "lambda_l1": 0.09772397546884574,
      "lambda_l2": 0.2349470697025339,
      "min_gain_to_split": 0.0,
      "n_estimators": 4000,
      "n_jobs": -1,
      "verbose": -1,
      "random_state": 42,
      "class_weight": "balanced"
    },
    "best_thr": 0.47,
    "best_auc": 0.84375,
    "best_acc": 0.9,
    "best_prec": 0.8571428571428571,
    "best_rec": 1.0,
    "best_f1": 0.9230769230769231,
    "best_bacc": 0.875,
    "score": 0.8889423076923078
  },
  "6": {
    "params": {
      "objective": "binary",
      "boosting_type": "gbdt",
      "metric": [
        "auc",
        "binary_logloss"
      ],
      "learning_rate": 0.19665517251385486,
      "num_leaves": 161,
      "max_depth": 8,
      "min_child_samples": 82,
      "feature_fraction": 0.5945161377314772,
      "lambda_l1": 2.952977509383388e-07,
      "lambda_l2": 2.576220110830412e-08,
      "min_gain_to_split": 0.9559522022401985,
      "n_estimators": 4000,
      "n_jobs": -1,
      "verbose": -1,
      "random_state": 42,
      "class_weight": "balanced",
      "min_sum_hessian_in_leaf": 0.0013084676943776981,
      "feature_fraction_bynode": 0.9873666983052354,
      "max_bin": 277,
      "max_delta_step": 1.3028317541232286,
      "path_smooth": 0.13102424722299655,
      "extra_trees": true
    },
    "best_thr": 0.46,
    "best_auc": 0.795,
    "best_acc": 0.7,
    "best_prec": 0.625,
    "best_rec": 1.0,
    "best_f1": 0.7692307692307693,
    "best_bacc": 0.7,
    "score": 0.7547435897435898
  },
  "7": {
    "params": {
      "objective": "binary",
      "boosting_type": "gbdt",
      "metric": [
        "auc",
        "binary_logloss"
      ],
      "learning_rate": 0.0742808232828308,
      "num_leaves": 19,
      "max_depth": 7,
      "min_child_samples": 93,
      "feature_fraction": 0.9878953687408056,
      "bagging_fraction": 0.6133983903809392,
      "bagging_freq": 1,
      "lambda_l1": 0.06704506111531884,
      "lambda_l2": 0.08298961741827077,
      "min_gain_to_split": 0.0,
      "n_estimators": 4000,
      "n_jobs": -1,
      "verbose": -1,
      "random_state": 42,
      "class_weight": "balanced"
    },
    "best_thr": 0.5,
    "best_auc": 0.8888888888888888,
    "best_acc": 0.85,
    "best_prec": 0.8,
    "best_rec": 0.8888888888888888,
    "best_f1": 0.8421052631578947,
    "best_bacc": 0.8535353535353536,
    "score": 0.8603313840155945
  },
  "8": {
    "params": {
      "objective": "binary",
      "boosting_type": "gbdt",
      "metric": [
        "auc",
        "binary_logloss"
      ],
      "learning_rate": 0.0559782454286894,
      "num_leaves": 18,
      "max_depth": 4,
      "min_child_samples": 83,
      "feature_fraction": 0.8839333292577561,
      "bagging_fraction": 0.6069279273293623,
      "bagging_freq": 1,
      "lambda_l1": 0.06363282097326382,
      "lambda_l2": 0.06826352942860602,
      "min_gain_to_split": 0.0,
      "n_estimators": 4000,
      "n_jobs": -1,
      "verbose": -1,
      "random_state": 42,
      "class_weight": "balanced"
    },
    "best_thr": 0.44,
    "best_auc": 0.9523809523809524,
    "best_acc": 0.95,
    "best_prec": 0.9333333333333333,
    "best_rec": 1.0,
    "best_f1": 0.9655172413793104,
    "best_bacc": 0.9166666666666667,
    "score": 0.9559660645867543
  },
  "9": {
    "params": {
      "objective": "binary",
      "boosting_type": "gbdt",
      "metric": [
        "auc",
        "binary_logloss"
      ],
      "learning_rate": 0.1164066091511263,
      "num_leaves": 24,
      "max_depth": 7,
      "min_child_samples": 113,
      "feature_fraction": 0.9759468340623397,
      "bagging_fraction": 0.6549914813178349,
      "bagging_freq": 1,
      "lambda_l1": 0.14502592266877062,
      "lambda_l2": 0.6609871089517277,
      "min_gain_to_split": 0.0,
      "n_estimators": 4000,
      "n_jobs": -1,
      "verbose": -1,
      "random_state": 42,
      "class_weight": "balanced"
    },
    "best_thr": 0.52,
    "best_auc": 0.79,
    "best_acc": 0.8,
    "best_prec": 0.8,
    "best_rec": 0.8,
    "best_f1": 0.8,
    "best_bacc": 0.8,
    "score": 0.7966666666666667
  },
  "10": {
    "params": {
      "objective": "binary",
      "boosting_type": "gbdt",